Model,TBS1102C;;;;;;;"Source: ""C:\Users\Utilizador\OneDrive - FCT NOVA\Documentos_SyncGoogleDrive\1PHD Project\#6 Resultados\05 - Smooth & Porous PDMS\Electric Results S+P newSamples PFAM 2023\Smooth Dif-Forces-2Hz\TEK21830.CSV"""
Firmware Version,v2015-08-04-prequal4ch70_v1.3;;;;;;;
;;;;;;;
Point Format,Y;;;;;;;
Horizontal Units,S;;;;;;;
Horizontal Scale,0.1;;;;;;;
Sample Interval,0.0008;;;;;;;
Filter Frequency,2e+08;;;;;;;
Record Length,2000;;;;;;;
Gating,0.0% to 100.0%;;;;;;;
Probe Attenuation,10;;;;;;;
Vertical Units,V;;;;;;;
Vertical Offset,0;;;;;;;
Vertical Scale,10;;;;;;;
Label,;;;;;;;
TIME,CH1;;;;;;;
-8.000e-01,0.4;;;;;;;
-7.992e-01,0.8;;;;;;;
-7.984e-01,0.8;;;;;;;
-7.976e-01,0.8;;;;;;;
-7.968e-01,1.2;;;;;;;
-7.960e-01,1.2;;;;;;;
-7.952e-01,1.2;;;;;;;
-7.944e-01,1.6;;;;;;;
-7.936e-01,1.6;;;;;;;
-7.928e-01,2;;;;;;;
-7.920e-01,2.4;;;;;;;
-7.912e-01,3.2;;;;;;;
-7.904e-01,4;;;;;;;
-7.896e-01,5.2;;;;;;;
-7.888e-01,6.4;;;;;;;
-7.880e-01,8.8;;;;;;;
-7.872e-01,14.4;;;;;;;
-7.864e-01,24;;;;;;;
-7.856e-01,12.4;;;;;;;
-7.848e-01,4.8;;;;;;;
-7.840e-01,1.6;;;;;;;
-7.832e-01,0.8;;;;;;;
-7.824e-01,0.8;;;;;;;
-7.816e-01,1.6;;;;;;;
-7.808e-01,2;;;;;;;
-7.800e-01,0.8;;;;;;;
-7.792e-01,0;;;;;;;
-7.784e-01,0;;;;;;;
-7.776e-01,-0.4;;;;;;;
-7.768e-01,-0.4;;;;;;;
-7.760e-01,-0.4;;;;;;;
-7.752e-01,-0.4;;;;;;;
-7.744e-01,-0.8;;;;;;;
-7.736e-01,-0.4;;;;;;;
-7.728e-01,-0.4;;;;;;;
-7.720e-01,-0.4;;;;;;;
-7.712e-01,-0.4;;;;;;;
-7.704e-01,0.4;;;;;;;
-7.696e-01,0.4;;;;;;;
-7.688e-01,0.4;;;;;;;
-7.680e-01,0.8;;;;;;;
-7.672e-01,0.8;;;;;;;
-7.664e-01,0.8;;;;;;;
-7.656e-01,0.8;;;;;;;
-7.648e-01,0.8;;;;;;;
-7.640e-01,0.8;;;;;;;
-7.632e-01,0.4;;;;;;;
-7.624e-01,0.4;;;;;;;
-7.616e-01,0;;;;;;;
-7.608e-01,0;;;;;;;
-7.600e-01,-0.8;;;;;;;
-7.592e-01,-0.8;;;;;;;
-7.584e-01,-1.2;;;;;;;
-7.576e-01,-0.8;;;;;;;
-7.568e-01,-0.4;;;;;;;
-7.560e-01,-0.8;;;;;;;
-7.552e-01,-0.8;;;;;;;
-7.544e-01,-0.8;;;;;;;
-7.536e-01,-0.8;;;;;;;
-7.528e-01,-0.8;;;;;;;
-7.520e-01,-0.4;;;;;;;
-7.512e-01,0;;;;;;;
-7.504e-01,0;;;;;;;
-7.496e-01,0.4;;;;;;;
-7.488e-01,0.4;;;;;;;
-7.480e-01,0.4;;;;;;;
-7.472e-01,0.8;;;;;;;
-7.464e-01,0.8;;;;;;;
-7.456e-01,0.8;;;;;;;
-7.448e-01,0.8;;;;;;;
-7.440e-01,0.4;;;;;;;
-7.432e-01,0.4;;;;;;;
-7.424e-01,0.4;;;;;;;
-7.416e-01,0.4;;;;;;;
-7.408e-01,0;;;;;;;
-7.400e-01,-0.8;;;;;;;
-7.392e-01,-0.8;;;;;;;
-7.384e-01,-0.8;;;;;;;
-7.376e-01,-0.8;;;;;;;
-7.368e-01,-0.8;;;;;;;
-7.360e-01,-0.8;;;;;;;
-7.352e-01,-0.4;;;;;;;
-7.344e-01,-0.8;;;;;;;
-7.336e-01,-0.4;;;;;;;
-7.328e-01,-0.8;;;;;;;
-7.320e-01,-0.8;;;;;;;
-7.312e-01,-0.4;;;;;;;
-7.304e-01,0.4;;;;;;;
-7.296e-01,0.4;;;;;;;
-7.288e-01,0.8;;;;;;;
-7.280e-01,0.4;;;;;;;
-7.272e-01,0.4;;;;;;;
-7.264e-01,0.8;;;;;;;
-7.256e-01,0.8;;;;;;;
-7.248e-01,0.8;;;;;;;
-7.240e-01,0.4;;;;;;;
-7.232e-01,0.4;;;;;;;
-7.224e-01,0.8;;;;;;;
-7.216e-01,0.4;;;;;;;
-7.208e-01,0;;;;;;;
-7.200e-01,-0.4;;;;;;;
-7.192e-01,-0.8;;;;;;;
-7.184e-01,-0.8;;;;;;;
-7.176e-01,-0.8;;;;;;;
-7.168e-01,-0.8;;;;;;;
-7.160e-01,-0.8;;;;;;;
-7.152e-01,-0.8;;;;;;;
-7.144e-01,-0.8;;;;;;;
-7.136e-01,-0.8;;;;;;;
-7.128e-01,-0.8;;;;;;;
-7.120e-01,-0.8;;;;;;;
-7.112e-01,-0.4;;;;;;;
-7.104e-01,0.4;;;;;;;
-7.096e-01,0.4;;;;;;;
-7.088e-01,0.4;;;;;;;
-7.080e-01,0.8;;;;;;;
-7.072e-01,0.8;;;;;;;
-7.064e-01,0.4;;;;;;;
-7.056e-01,0.8;;;;;;;
-7.048e-01,0.4;;;;;;;
-7.040e-01,0.8;;;;;;;
-7.032e-01,0.4;;;;;;;
-7.024e-01,0;;;;;;;
-7.016e-01,0;;;;;;;
-7.008e-01,0;;;;;;;
-7.000e-01,-0.4;;;;;;;
-6.992e-01,-0.8;;;;;;;
-6.984e-01,-0.8;;;;;;;
-6.976e-01,-1.2;;;;;;;
-6.968e-01,-0.8;;;;;;;
-6.960e-01,-1.2;;;;;;;
-6.952e-01,-1.2;;;;;;;
-6.944e-01,-0.8;;;;;;;
-6.936e-01,-0.8;;;;;;;
-6.928e-01,-0.8;;;;;;;
-6.920e-01,-0.8;;;;;;;
-6.912e-01,-0.4;;;;;;;
-6.904e-01,0;;;;;;;
-6.896e-01,0.4;;;;;;;
-6.888e-01,0;;;;;;;
-6.880e-01,0.4;;;;;;;
-6.872e-01,0.8;;;;;;;
-6.864e-01,0.4;;;;;;;
-6.856e-01,0.8;;;;;;;
-6.848e-01,0.4;;;;;;;
-6.840e-01,0.4;;;;;;;
-6.832e-01,0.4;;;;;;;
-6.824e-01,0.4;;;;;;;
-6.816e-01,0.4;;;;;;;
-6.808e-01,0;;;;;;;
-6.800e-01,-0.4;;;;;;;
-6.792e-01,-0.8;;;;;;;
-6.784e-01,-0.8;;;;;;;
-6.776e-01,-0.8;;;;;;;
-6.768e-01,-0.8;;;;;;;
-6.760e-01,-1.2;;;;;;;
-6.752e-01,-0.8;;;;;;;
-6.744e-01,-0.4;;;;;;;
-6.736e-01,-0.8;;;;;;;
-6.728e-01,-0.8;;;;;;;
-6.720e-01,-0.8;;;;;;;
-6.712e-01,0;;;;;;;
-6.704e-01,0;;;;;;;
-6.696e-01,0.4;;;;;;;
-6.688e-01,0.8;;;;;;;
-6.680e-01,0.8;;;;;;;
-6.672e-01,0.8;;;;;;;
-6.664e-01,0.8;;;;;;;
-6.656e-01,0.8;;;;;;;
-6.648e-01,0.4;;;;;;;
-6.640e-01,0.4;;;;;;;
-6.632e-01,0.4;;;;;;;
-6.624e-01,0.4;;;;;;;
-6.616e-01,0.4;;;;;;;
-6.608e-01,0;;;;;;;
-6.600e-01,-0.8;;;;;;;
-6.592e-01,-0.4;;;;;;;
-6.584e-01,-0.8;;;;;;;
-6.576e-01,-0.8;;;;;;;
-6.568e-01,-0.8;;;;;;;
-6.560e-01,-0.8;;;;;;;
-6.552e-01,-0.8;;;;;;;
-6.544e-01,-0.8;;;;;;;
-6.536e-01,-0.4;;;;;;;
-6.528e-01,-0.8;;;;;;;
-6.520e-01,-0.4;;;;;;;
-6.512e-01,-0.4;;;;;;;
-6.504e-01,0;;;;;;;
-6.496e-01,0.4;;;;;;;
-6.488e-01,0.4;;;;;;;
-6.480e-01,0.8;;;;;;;
-6.472e-01,0.4;;;;;;;
-6.464e-01,0.8;;;;;;;
-6.456e-01,0.8;;;;;;;
-6.448e-01,0.8;;;;;;;
-6.440e-01,0.4;;;;;;;
-6.432e-01,0.4;;;;;;;
-6.424e-01,0.4;;;;;;;
-6.416e-01,0.4;;;;;;;
-6.408e-01,0;;;;;;;
-6.400e-01,-0.4;;;;;;;
-6.392e-01,-1.2;;;;;;;
-6.384e-01,-1.2;;;;;;;
-6.376e-01,-0.8;;;;;;;
-6.368e-01,-0.8;;;;;;;
-6.360e-01,-1.2;;;;;;;
-6.352e-01,-0.8;;;;;;;
-6.344e-01,-0.8;;;;;;;
-6.336e-01,-0.8;;;;;;;
-6.328e-01,-0.8;;;;;;;
-6.320e-01,-0.8;;;;;;;
-6.312e-01,-0.4;;;;;;;
-6.304e-01,0;;;;;;;
-6.296e-01,0;;;;;;;
-6.288e-01,0.8;;;;;;;
-6.280e-01,0.4;;;;;;;
-6.272e-01,0.8;;;;;;;
-6.264e-01,0.8;;;;;;;
-6.256e-01,0.8;;;;;;;
-6.248e-01,0.8;;;;;;;
-6.240e-01,0.4;;;;;;;
-6.232e-01,0.4;;;;;;;
-6.224e-01,0.8;;;;;;;
-6.216e-01,0.4;;;;;;;
-6.208e-01,0;;;;;;;
-6.200e-01,-0.8;;;;;;;
-6.192e-01,-0.8;;;;;;;
-6.184e-01,-0.8;;;;;;;
-6.176e-01,-0.4;;;;;;;
-6.168e-01,-0.8;;;;;;;
-6.160e-01,-0.8;;;;;;;
-6.152e-01,-0.8;;;;;;;
-6.144e-01,-0.8;;;;;;;
-6.136e-01,-0.8;;;;;;;
-6.128e-01,-0.8;;;;;;;
-6.120e-01,-0.8;;;;;;;
-6.112e-01,-0.4;;;;;;;
-6.104e-01,0;;;;;;;
-6.096e-01,0.4;;;;;;;
-6.088e-01,0.8;;;;;;;
-6.080e-01,0.8;;;;;;;
-6.072e-01,0;;;;;;;
-6.064e-01,0.8;;;;;;;
-6.056e-01,0.8;;;;;;;
-6.048e-01,0.8;;;;;;;
-6.040e-01,0.4;;;;;;;
-6.032e-01,0.4;;;;;;;
-6.024e-01,0.4;;;;;;;
-6.016e-01,0.4;;;;;;;
-6.008e-01,0.4;;;;;;;
-6.000e-01,-0.4;;;;;;;
-5.992e-01,-0.8;;;;;;;
-5.984e-01,-0.8;;;;;;;
-5.976e-01,-0.8;;;;;;;
-5.968e-01,-0.4;;;;;;;
-5.960e-01,-0.4;;;;;;;
-5.952e-01,-0.8;;;;;;;
-5.944e-01,-0.4;;;;;;;
-5.936e-01,-0.4;;;;;;;
-5.928e-01,-0.8;;;;;;;
-5.920e-01,-0.8;;;;;;;
-5.912e-01,-0.4;;;;;;;
-5.904e-01,0;;;;;;;
-5.896e-01,0.4;;;;;;;
-5.888e-01,0.4;;;;;;;
-5.880e-01,0.4;;;;;;;
-5.872e-01,0.8;;;;;;;
-5.864e-01,0;;;;;;;
-5.856e-01,0.8;;;;;;;
-5.848e-01,0.8;;;;;;;
-5.840e-01,0.4;;;;;;;
-5.832e-01,0.8;;;;;;;
-5.824e-01,0.4;;;;;;;
-5.816e-01,0;;;;;;;
-5.808e-01,-0.4;;;;;;;
-5.800e-01,-0.8;;;;;;;
-5.792e-01,-1.2;;;;;;;
-5.784e-01,-1.2;;;;;;;
-5.776e-01,-1.2;;;;;;;
-5.768e-01,-1.6;;;;;;;
-5.760e-01,-1.6;;;;;;;
-5.752e-01,-1.6;;;;;;;
-5.744e-01,-2;;;;;;;
-5.736e-01,-2;;;;;;;
-5.728e-01,-2;;;;;;;
-5.720e-01,-2.8;;;;;;;
-5.712e-01,-2.8;;;;;;;
-5.704e-01,-3.2;;;;;;;
-5.696e-01,-3.6;;;;;;;
-5.688e-01,-4;;;;;;;
-5.680e-01,-4.4;;;;;;;
-5.672e-01,-4.4;;;;;;;
-5.664e-01,-7.6;;;;;;;
-5.656e-01,-6.4;;;;;;;
-5.648e-01,-7.2;;;;;;;
-5.640e-01,-6.4;;;;;;;
-5.632e-01,-5.6;;;;;;;
-5.624e-01,-6;;;;;;;
-5.616e-01,-5.2;;;;;;;
-5.608e-01,-5.6;;;;;;;
-5.600e-01,-5.2;;;;;;;
-5.592e-01,-4;;;;;;;
-5.584e-01,-3.2;;;;;;;
-5.576e-01,-3.2;;;;;;;
-5.568e-01,-2.8;;;;;;;
-5.560e-01,-2.4;;;;;;;
-5.552e-01,-2;;;;;;;
-5.544e-01,-1.6;;;;;;;
-5.536e-01,-1.6;;;;;;;
-5.528e-01,-1.6;;;;;;;
-5.520e-01,-1.2;;;;;;;
-5.512e-01,-0.8;;;;;;;
-5.504e-01,-0.4;;;;;;;
-5.496e-01,-0.8;;;;;;;
-5.488e-01,-0.4;;;;;;;
-5.480e-01,-0.4;;;;;;;
-5.472e-01,-0.8;;;;;;;
-5.464e-01,-0.4;;;;;;;
-5.456e-01,-0.4;;;;;;;
-5.448e-01,-0.4;;;;;;;
-5.440e-01,-0.4;;;;;;;
-5.432e-01,0;;;;;;;
-5.424e-01,0;;;;;;;
-5.416e-01,0.4;;;;;;;
-5.408e-01,0;;;;;;;
-5.400e-01,-0.4;;;;;;;
-5.392e-01,-1.2;;;;;;;
-5.384e-01,-0.8;;;;;;;
-5.376e-01,-0.8;;;;;;;
-5.368e-01,-0.4;;;;;;;
-5.360e-01,-0.8;;;;;;;
-5.352e-01,-0.8;;;;;;;
-5.344e-01,-0.4;;;;;;;
-5.336e-01,-0.8;;;;;;;
-5.328e-01,-0.8;;;;;;;
-5.320e-01,-0.8;;;;;;;
-5.312e-01,-0.4;;;;;;;
-5.304e-01,0;;;;;;;
-5.296e-01,0.4;;;;;;;
-5.288e-01,0;;;;;;;
-5.280e-01,0.4;;;;;;;
-5.272e-01,0.8;;;;;;;
-5.264e-01,0.8;;;;;;;
-5.256e-01,0.4;;;;;;;
-5.248e-01,0.8;;;;;;;
-5.240e-01,0.4;;;;;;;
-5.232e-01,0.8;;;;;;;
-5.224e-01,0.8;;;;;;;
-5.216e-01,0.4;;;;;;;
-5.208e-01,0.4;;;;;;;
-5.200e-01,0;;;;;;;
-5.192e-01,0;;;;;;;
-5.184e-01,0;;;;;;;
-5.176e-01,0;;;;;;;
-5.168e-01,0.4;;;;;;;
-5.160e-01,0.8;;;;;;;
-5.152e-01,0.8;;;;;;;
-5.144e-01,-0.8;;;;;;;
-5.136e-01,-0.4;;;;;;;
-5.128e-01,-0.4;;;;;;;
-5.120e-01,-0.8;;;;;;;
-5.112e-01,-0.4;;;;;;;
-5.104e-01,0;;;;;;;
-5.096e-01,0.4;;;;;;;
-5.088e-01,0.4;;;;;;;
-5.080e-01,0.4;;;;;;;
-5.072e-01,0.4;;;;;;;
-5.064e-01,0.8;;;;;;;
-5.056e-01,0.4;;;;;;;
-5.048e-01,0.4;;;;;;;
-5.040e-01,0.4;;;;;;;
-5.032e-01,0.4;;;;;;;
-5.024e-01,0.4;;;;;;;
-5.016e-01,0;;;;;;;
-5.008e-01,0;;;;;;;
-5.000e-01,-0.4;;;;;;;
-4.992e-01,-0.8;;;;;;;
-4.984e-01,-0.8;;;;;;;
-4.976e-01,-0.8;;;;;;;
-4.968e-01,-0.8;;;;;;;
-4.960e-01,-0.4;;;;;;;
-4.952e-01,-0.8;;;;;;;
-4.944e-01,-0.4;;;;;;;
-4.936e-01,-0.8;;;;;;;
-4.928e-01,-0.4;;;;;;;
-4.920e-01,-0.8;;;;;;;
-4.912e-01,-0.4;;;;;;;
-4.904e-01,0;;;;;;;
-4.896e-01,0.4;;;;;;;
-4.888e-01,0.8;;;;;;;
-4.880e-01,0.4;;;;;;;
-4.872e-01,0.8;;;;;;;
-4.864e-01,0;;;;;;;
-4.856e-01,0.8;;;;;;;
-4.848e-01,0.8;;;;;;;
-4.840e-01,0.8;;;;;;;
-4.832e-01,0.8;;;;;;;
-4.824e-01,0.4;;;;;;;
-4.816e-01,0.4;;;;;;;
-4.808e-01,0;;;;;;;
-4.800e-01,-0.4;;;;;;;
-4.792e-01,-0.4;;;;;;;
-4.784e-01,-0.8;;;;;;;
-4.776e-01,-0.4;;;;;;;
-4.768e-01,-0.4;;;;;;;
-4.760e-01,-0.8;;;;;;;
-4.752e-01,-0.4;;;;;;;
-4.744e-01,-0.8;;;;;;;
-4.736e-01,-0.8;;;;;;;
-4.728e-01,-0.4;;;;;;;
-4.720e-01,-0.4;;;;;;;
-4.712e-01,-0.4;;;;;;;
-4.704e-01,0;;;;;;;
-4.696e-01,0.4;;;;;;;
-4.688e-01,0.4;;;;;;;
-4.680e-01,0.4;;;;;;;
-4.672e-01,0.8;;;;;;;
-4.664e-01,0.8;;;;;;;
-4.656e-01,0.8;;;;;;;
-4.648e-01,0.8;;;;;;;
-4.640e-01,0.8;;;;;;;
-4.632e-01,0.4;;;;;;;
-4.624e-01,0.8;;;;;;;
-4.616e-01,0.4;;;;;;;
-4.608e-01,0;;;;;;;
-4.600e-01,-0.4;;;;;;;
-4.592e-01,-0.4;;;;;;;
-4.584e-01,-0.8;;;;;;;
-4.576e-01,-0.8;;;;;;;
-4.568e-01,-0.4;;;;;;;
-4.560e-01,-0.4;;;;;;;
-4.552e-01,-0.4;;;;;;;
-4.544e-01,-0.4;;;;;;;
-4.536e-01,-0.8;;;;;;;
-4.528e-01,-0.4;;;;;;;
-4.520e-01,-0.4;;;;;;;
-4.512e-01,-0.4;;;;;;;
-4.504e-01,0;;;;;;;
-4.496e-01,0.4;;;;;;;
-4.488e-01,0.8;;;;;;;
-4.480e-01,0.4;;;;;;;
-4.472e-01,0.8;;;;;;;
-4.464e-01,0.4;;;;;;;
-4.456e-01,0.8;;;;;;;
-4.448e-01,0.8;;;;;;;
-4.440e-01,0.8;;;;;;;
-4.432e-01,0.4;;;;;;;
-4.424e-01,0.4;;;;;;;
-4.416e-01,0.4;;;;;;;
-4.408e-01,0.4;;;;;;;
-4.400e-01,-0.4;;;;;;;
-4.392e-01,-0.4;;;;;;;
-4.384e-01,-0.4;;;;;;;
-4.376e-01,-0.8;;;;;;;
-4.368e-01,-0.4;;;;;;;
-4.360e-01,-0.4;;;;;;;
-4.352e-01,-0.8;;;;;;;
-4.344e-01,-0.8;;;;;;;
-4.336e-01,-0.4;;;;;;;
-4.328e-01,-0.4;;;;;;;
-4.320e-01,-0.8;;;;;;;
-4.312e-01,-0.4;;;;;;;
-4.304e-01,0;;;;;;;
-4.296e-01,0.4;;;;;;;
-4.288e-01,0.8;;;;;;;
-4.280e-01,0.4;;;;;;;
-4.272e-01,0.4;;;;;;;
-4.264e-01,0.8;;;;;;;
-4.256e-01,0.8;;;;;;;
-4.248e-01,0.8;;;;;;;
-4.240e-01,0.4;;;;;;;
-4.232e-01,0.4;;;;;;;
-4.224e-01,0.4;;;;;;;
-4.216e-01,0.4;;;;;;;
-4.208e-01,0;;;;;;;
-4.200e-01,0;;;;;;;
-4.192e-01,-0.4;;;;;;;
-4.184e-01,-0.8;;;;;;;
-4.176e-01,-0.8;;;;;;;
-4.168e-01,-0.4;;;;;;;
-4.160e-01,-0.8;;;;;;;
-4.152e-01,-0.8;;;;;;;
-4.144e-01,-0.8;;;;;;;
-4.136e-01,-0.4;;;;;;;
-4.128e-01,-0.4;;;;;;;
-4.120e-01,-0.4;;;;;;;
-4.112e-01,-0.4;;;;;;;
-4.104e-01,0;;;;;;;
-4.096e-01,0.4;;;;;;;
-4.088e-01,0.4;;;;;;;
-4.080e-01,0.4;;;;;;;
-4.072e-01,0.8;;;;;;;
-4.064e-01,0.4;;;;;;;
-4.056e-01,0.8;;;;;;;
-4.048e-01,0.8;;;;;;;
-4.040e-01,0.4;;;;;;;
-4.032e-01,0.4;;;;;;;
-4.024e-01,0.8;;;;;;;
-4.016e-01,0.4;;;;;;;
-4.008e-01,0;;;;;;;
-4.000e-01,-0.4;;;;;;;
-3.992e-01,-0.4;;;;;;;
-3.984e-01,-0.4;;;;;;;
-3.976e-01,-0.8;;;;;;;
-3.968e-01,-0.8;;;;;;;
-3.960e-01,-0.4;;;;;;;
-3.952e-01,-0.4;;;;;;;
-3.944e-01,-0.4;;;;;;;
-3.936e-01,-0.8;;;;;;;
-3.928e-01,-0.8;;;;;;;
-3.920e-01,-0.8;;;;;;;
-3.912e-01,-0.4;;;;;;;
-3.904e-01,0;;;;;;;
-3.896e-01,0.4;;;;;;;
-3.888e-01,0.8;;;;;;;
-3.880e-01,0.4;;;;;;;
-3.872e-01,0.8;;;;;;;
-3.864e-01,0.8;;;;;;;
-3.856e-01,0.8;;;;;;;
-3.848e-01,0.4;;;;;;;
-3.840e-01,0.4;;;;;;;
-3.832e-01,0.4;;;;;;;
-3.824e-01,0.8;;;;;;;
-3.816e-01,0.4;;;;;;;
-3.808e-01,0.4;;;;;;;
-3.800e-01,0;;;;;;;
-3.792e-01,-0.4;;;;;;;
-3.784e-01,-0.8;;;;;;;
-3.776e-01,-0.8;;;;;;;
-3.768e-01,-0.8;;;;;;;
-3.760e-01,-0.8;;;;;;;
-3.752e-01,-0.8;;;;;;;
-3.744e-01,-0.4;;;;;;;
-3.736e-01,-0.4;;;;;;;
-3.728e-01,-0.4;;;;;;;
-3.720e-01,-0.8;;;;;;;
-3.712e-01,-0.4;;;;;;;
-3.704e-01,0;;;;;;;
-3.696e-01,0.4;;;;;;;
-3.688e-01,0.4;;;;;;;
-3.680e-01,0.4;;;;;;;
-3.672e-01,0.4;;;;;;;
-3.664e-01,0.4;;;;;;;
-3.656e-01,0.8;;;;;;;
-3.648e-01,0.8;;;;;;;
-3.640e-01,0.4;;;;;;;
-3.632e-01,0.8;;;;;;;
-3.624e-01,0.8;;;;;;;
-3.616e-01,0.4;;;;;;;
-3.608e-01,0;;;;;;;
-3.600e-01,-0.4;;;;;;;
-3.592e-01,-0.4;;;;;;;
-3.584e-01,-0.8;;;;;;;
-3.576e-01,-0.4;;;;;;;
-3.568e-01,-0.4;;;;;;;
-3.560e-01,-0.4;;;;;;;
-3.552e-01,-0.8;;;;;;;
-3.544e-01,-0.4;;;;;;;
-3.536e-01,-0.4;;;;;;;
-3.528e-01,-0.8;;;;;;;
-3.520e-01,-0.8;;;;;;;
-3.512e-01,-0.4;;;;;;;
-3.504e-01,0;;;;;;;
-3.496e-01,0.4;;;;;;;
-3.488e-01,0.8;;;;;;;
-3.480e-01,0.8;;;;;;;
-3.472e-01,0.8;;;;;;;
-3.464e-01,0.8;;;;;;;
-3.456e-01,0.8;;;;;;;
-3.448e-01,0.8;;;;;;;
-3.440e-01,0.4;;;;;;;
-3.432e-01,0.8;;;;;;;
-3.424e-01,0.8;;;;;;;
-3.416e-01,0.4;;;;;;;
-3.408e-01,0;;;;;;;
-3.400e-01,-0.4;;;;;;;
-3.392e-01,-0.8;;;;;;;
-3.384e-01,-0.8;;;;;;;
-3.376e-01,-0.8;;;;;;;
-3.368e-01,-0.4;;;;;;;
-3.360e-01,-0.8;;;;;;;
-3.352e-01,-0.8;;;;;;;
-3.344e-01,-0.8;;;;;;;
-3.336e-01,-0.4;;;;;;;
-3.328e-01,-0.8;;;;;;;
-3.320e-01,-0.8;;;;;;;
-3.312e-01,-0.4;;;;;;;
-3.304e-01,0;;;;;;;
-3.296e-01,0.4;;;;;;;
-3.288e-01,0.4;;;;;;;
-3.280e-01,0.8;;;;;;;
-3.272e-01,0.4;;;;;;;
-3.264e-01,0.4;;;;;;;
-3.256e-01,0.8;;;;;;;
-3.248e-01,0.8;;;;;;;
-3.240e-01,0.4;;;;;;;
-3.232e-01,0.4;;;;;;;
-3.224e-01,0.8;;;;;;;
-3.216e-01,0.4;;;;;;;
-3.208e-01,0;;;;;;;
-3.200e-01,0;;;;;;;
-3.192e-01,-0.4;;;;;;;
-3.184e-01,-0.8;;;;;;;
-3.176e-01,-0.8;;;;;;;
-3.168e-01,-0.4;;;;;;;
-3.160e-01,-0.8;;;;;;;
-3.152e-01,-0.8;;;;;;;
-3.144e-01,-0.4;;;;;;;
-3.136e-01,-0.8;;;;;;;
-3.128e-01,-0.4;;;;;;;
-3.120e-01,-0.8;;;;;;;
-3.112e-01,-0.4;;;;;;;
-3.104e-01,0;;;;;;;
-3.096e-01,0.8;;;;;;;
-3.088e-01,0.8;;;;;;;
-3.080e-01,0.8;;;;;;;
-3.072e-01,0.8;;;;;;;
-3.064e-01,1.2;;;;;;;
-3.056e-01,1.2;;;;;;;
-3.048e-01,1.2;;;;;;;
-3.040e-01,1.2;;;;;;;
-3.032e-01,0.8;;;;;;;
-3.024e-01,1.2;;;;;;;
-3.016e-01,1.2;;;;;;;
-3.008e-01,1.2;;;;;;;
-3.000e-01,0.8;;;;;;;
-2.992e-01,0.4;;;;;;;
-2.984e-01,0.8;;;;;;;
-2.976e-01,0.8;;;;;;;
-2.968e-01,0.8;;;;;;;
-2.960e-01,0.8;;;;;;;
-2.952e-01,0.8;;;;;;;
-2.944e-01,1.2;;;;;;;
-2.936e-01,2;;;;;;;
-2.928e-01,1.6;;;;;;;
-2.920e-01,2.4;;;;;;;
-2.912e-01,2.8;;;;;;;
-2.904e-01,3.6;;;;;;;
-2.896e-01,4.4;;;;;;;
-2.888e-01,5.6;;;;;;;
-2.880e-01,7.6;;;;;;;
-2.872e-01,11.2;;;;;;;
-2.864e-01,22.4;;;;;;;
-2.856e-01,18;;;;;;;
-2.848e-01,7.2;;;;;;;
-2.840e-01,3.2;;;;;;;
-2.832e-01,0.8;;;;;;;
-2.824e-01,0.4;;;;;;;
-2.816e-01,1.6;;;;;;;
-2.808e-01,2;;;;;;;
-2.800e-01,1.6;;;;;;;
-2.792e-01,0.4;;;;;;;
-2.784e-01,0;;;;;;;
-2.776e-01,-0.4;;;;;;;
-2.768e-01,-0.4;;;;;;;
-2.760e-01,-0.8;;;;;;;
-2.752e-01,-0.8;;;;;;;
-2.744e-01,-0.8;;;;;;;
-2.736e-01,-0.8;;;;;;;
-2.728e-01,-0.8;;;;;;;
-2.720e-01,-0.4;;;;;;;
-2.712e-01,-0.4;;;;;;;
-2.704e-01,0;;;;;;;
-2.696e-01,0.8;;;;;;;
-2.688e-01,0.4;;;;;;;
-2.680e-01,0.4;;;;;;;
-2.672e-01,0.8;;;;;;;
-2.664e-01,0.8;;;;;;;
-2.656e-01,0.8;;;;;;;
-2.648e-01,0.8;;;;;;;
-2.640e-01,0.8;;;;;;;
-2.632e-01,0.4;;;;;;;
-2.624e-01,0.4;;;;;;;
-2.616e-01,0.4;;;;;;;
-2.608e-01,0;;;;;;;
-2.600e-01,0;;;;;;;
-2.592e-01,-0.4;;;;;;;
-2.584e-01,-0.8;;;;;;;
-2.576e-01,-1.2;;;;;;;
-2.568e-01,-0.8;;;;;;;
-2.560e-01,-0.8;;;;;;;
-2.552e-01,-1.2;;;;;;;
-2.544e-01,-0.8;;;;;;;
-2.536e-01,-0.8;;;;;;;
-2.528e-01,-1.2;;;;;;;
-2.520e-01,-0.8;;;;;;;
-2.512e-01,-0.4;;;;;;;
-2.504e-01,0;;;;;;;
-2.496e-01,0.4;;;;;;;
-2.488e-01,0.8;;;;;;;
-2.480e-01,0.4;;;;;;;
-2.472e-01,0;;;;;;;
-2.464e-01,0.8;;;;;;;
-2.456e-01,0.8;;;;;;;
-2.448e-01,0.8;;;;;;;
-2.440e-01,0.4;;;;;;;
-2.432e-01,0.4;;;;;;;
-2.424e-01,0.4;;;;;;;
-2.416e-01,0.4;;;;;;;
-2.408e-01,0;;;;;;;
-2.400e-01,-0.4;;;;;;;
-2.392e-01,-0.8;;;;;;;
-2.384e-01,-0.8;;;;;;;
-2.376e-01,-0.8;;;;;;;
-2.368e-01,-0.8;;;;;;;
-2.360e-01,-0.8;;;;;;;
-2.352e-01,-0.8;;;;;;;
-2.344e-01,-0.8;;;;;;;
-2.336e-01,-0.8;;;;;;;
-2.328e-01,-0.8;;;;;;;
-2.320e-01,-1.2;;;;;;;
-2.312e-01,-0.4;;;;;;;
-2.304e-01,0;;;;;;;
-2.296e-01,0;;;;;;;
-2.288e-01,0.4;;;;;;;
-2.280e-01,0.4;;;;;;;
-2.272e-01,0.4;;;;;;;
-2.264e-01,0.8;;;;;;;
-2.256e-01,0.8;;;;;;;
-2.248e-01,0.8;;;;;;;
-2.240e-01,0.4;;;;;;;
-2.232e-01,0.4;;;;;;;
-2.224e-01,0.4;;;;;;;
-2.216e-01,0.4;;;;;;;
-2.208e-01,0;;;;;;;
-2.200e-01,-0.4;;;;;;;
-2.192e-01,-0.8;;;;;;;
-2.184e-01,-0.8;;;;;;;
-2.176e-01,-0.4;;;;;;;
-2.168e-01,-0.8;;;;;;;
-2.160e-01,-0.8;;;;;;;
-2.152e-01,-0.8;;;;;;;
-2.144e-01,-0.8;;;;;;;
-2.136e-01,-0.4;;;;;;;
-2.128e-01,-0.8;;;;;;;
-2.120e-01,-0.8;;;;;;;
-2.112e-01,-0.8;;;;;;;
-2.104e-01,0;;;;;;;
-2.096e-01,0;;;;;;;
-2.088e-01,0.4;;;;;;;
-2.080e-01,0.4;;;;;;;
-2.072e-01,0.8;;;;;;;
-2.064e-01,0.8;;;;;;;
-2.056e-01,1.2;;;;;;;
-2.048e-01,0.4;;;;;;;
-2.040e-01,0.8;;;;;;;
-2.032e-01,0.4;;;;;;;
-2.024e-01,0.4;;;;;;;
-2.016e-01,0.4;;;;;;;
-2.008e-01,0;;;;;;;
-2.000e-01,0;;;;;;;
-1.992e-01,-0.8;;;;;;;
-1.984e-01,-0.8;;;;;;;
-1.976e-01,-0.8;;;;;;;
-1.968e-01,-0.8;;;;;;;
-1.960e-01,-1.2;;;;;;;
-1.952e-01,-1.2;;;;;;;
-1.944e-01,-0.8;;;;;;;
-1.936e-01,-0.4;;;;;;;
-1.928e-01,-0.8;;;;;;;
-1.920e-01,-0.8;;;;;;;
-1.912e-01,-0.8;;;;;;;
-1.904e-01,0;;;;;;;
-1.896e-01,0;;;;;;;
-1.888e-01,0.4;;;;;;;
-1.880e-01,0.4;;;;;;;
-1.872e-01,0.8;;;;;;;
-1.864e-01,0.8;;;;;;;
-1.856e-01,0.8;;;;;;;
-1.848e-01,0.8;;;;;;;
-1.840e-01,0.4;;;;;;;
-1.832e-01,0.4;;;;;;;
-1.824e-01,0.4;;;;;;;
-1.816e-01,0.8;;;;;;;
-1.808e-01,0;;;;;;;
-1.800e-01,-0.4;;;;;;;
-1.792e-01,-0.4;;;;;;;
-1.784e-01,-0.8;;;;;;;
-1.776e-01,-0.8;;;;;;;
-1.768e-01,-0.4;;;;;;;
-1.760e-01,-1.2;;;;;;;
-1.752e-01,-0.8;;;;;;;
-1.744e-01,-0.8;;;;;;;
-1.736e-01,-1.2;;;;;;;
-1.728e-01,-1.2;;;;;;;
-1.720e-01,-0.8;;;;;;;
-1.712e-01,-0.4;;;;;;;
-1.704e-01,0;;;;;;;
-1.696e-01,0.4;;;;;;;
-1.688e-01,0.4;;;;;;;
-1.680e-01,0.8;;;;;;;
-1.672e-01,0.4;;;;;;;
-1.664e-01,0.4;;;;;;;
-1.656e-01,0.8;;;;;;;
-1.648e-01,0.8;;;;;;;
-1.640e-01,0.4;;;;;;;
-1.632e-01,0.4;;;;;;;
-1.624e-01,0.4;;;;;;;
-1.616e-01,0.4;;;;;;;
-1.608e-01,0.4;;;;;;;
-1.600e-01,-0.4;;;;;;;
-1.592e-01,-0.4;;;;;;;
-1.584e-01,-0.8;;;;;;;
-1.576e-01,-0.8;;;;;;;
-1.568e-01,-0.8;;;;;;;
-1.560e-01,-0.8;;;;;;;
-1.552e-01,-0.8;;;;;;;
-1.544e-01,-0.4;;;;;;;
-1.536e-01,-0.4;;;;;;;
-1.528e-01,-0.4;;;;;;;
-1.520e-01,-0.8;;;;;;;
-1.512e-01,-0.8;;;;;;;
-1.504e-01,0;;;;;;;
-1.496e-01,0.4;;;;;;;
-1.488e-01,0.8;;;;;;;
-1.480e-01,0.4;;;;;;;
-1.472e-01,0.8;;;;;;;
-1.464e-01,0.4;;;;;;;
-1.456e-01,0.8;;;;;;;
-1.448e-01,0.8;;;;;;;
-1.440e-01,0.4;;;;;;;
-1.432e-01,0.4;;;;;;;
-1.424e-01,0.4;;;;;;;
-1.416e-01,0.4;;;;;;;
-1.408e-01,0;;;;;;;
-1.400e-01,-0.4;;;;;;;
-1.392e-01,-0.8;;;;;;;
-1.384e-01,-0.8;;;;;;;
-1.376e-01,-0.8;;;;;;;
-1.368e-01,-0.8;;;;;;;
-1.360e-01,-0.8;;;;;;;
-1.352e-01,-0.8;;;;;;;
-1.344e-01,-0.8;;;;;;;
-1.336e-01,-0.8;;;;;;;
-1.328e-01,-0.4;;;;;;;
-1.320e-01,-0.8;;;;;;;
-1.312e-01,-0.4;;;;;;;
-1.304e-01,-0.4;;;;;;;
-1.296e-01,0.4;;;;;;;
-1.288e-01,0.8;;;;;;;
-1.280e-01,0.4;;;;;;;
-1.272e-01,0.8;;;;;;;
-1.264e-01,0.8;;;;;;;
-1.256e-01,0.8;;;;;;;
-1.248e-01,0.8;;;;;;;
-1.240e-01,0.4;;;;;;;
-1.232e-01,0.4;;;;;;;
-1.224e-01,0.4;;;;;;;
-1.216e-01,0;;;;;;;
-1.208e-01,0;;;;;;;
-1.200e-01,0;;;;;;;
-1.192e-01,-0.4;;;;;;;
-1.184e-01,-0.8;;;;;;;
-1.176e-01,-0.8;;;;;;;
-1.168e-01,-1.2;;;;;;;
-1.160e-01,-1.2;;;;;;;
-1.152e-01,-0.8;;;;;;;
-1.144e-01,-0.8;;;;;;;
-1.136e-01,-0.8;;;;;;;
-1.128e-01,-0.8;;;;;;;
-1.120e-01,-0.8;;;;;;;
-1.112e-01,-0.4;;;;;;;
-1.104e-01,-0.4;;;;;;;
-1.096e-01,0;;;;;;;
-1.088e-01,0.8;;;;;;;
-1.080e-01,0.4;;;;;;;
-1.072e-01,0.8;;;;;;;
-1.064e-01,0.8;;;;;;;
-1.056e-01,0.8;;;;;;;
-1.048e-01,0.4;;;;;;;
-1.040e-01,0.8;;;;;;;
-1.032e-01,0.4;;;;;;;
-1.024e-01,0.4;;;;;;;
-1.016e-01,0.4;;;;;;;
-1.008e-01,0;;;;;;;
-1.000e-01,0;;;;;;;
-9.920e-02,-0.8;;;;;;;
-9.840e-02,-0.8;;;;;;;
-9.760e-02,-0.8;;;;;;;
-9.680e-02,-0.8;;;;;;;
-9.600e-02,-0.8;;;;;;;
-9.520e-02,-1.2;;;;;;;
-9.440e-02,-0.8;;;;;;;
-9.360e-02,-0.4;;;;;;;
-9.280e-02,-0.4;;;;;;;
-9.200e-02,-0.8;;;;;;;
-9.120e-02,-0.4;;;;;;;
-9.040e-02,0;;;;;;;
-8.960e-02,0.4;;;;;;;
-8.880e-02,0.4;;;;;;;
-8.800e-02,0.4;;;;;;;
-8.720e-02,0.4;;;;;;;
-8.640e-02,0.4;;;;;;;
-8.560e-02,0.8;;;;;;;
-8.480e-02,0.8;;;;;;;
-8.400e-02,0.4;;;;;;;
-8.320e-02,0.4;;;;;;;
-8.240e-02,0.4;;;;;;;
-8.160e-02,0.4;;;;;;;
-8.080e-02,-0.4;;;;;;;
-8.000e-02,-0.4;;;;;;;
-7.920e-02,-0.8;;;;;;;
-7.840e-02,-1.2;;;;;;;
-7.760e-02,-1.6;;;;;;;
-7.680e-02,-1.2;;;;;;;
-7.600e-02,-1.6;;;;;;;
-7.520e-02,-1.6;;;;;;;
-7.440e-02,-1.6;;;;;;;
-7.360e-02,-2;;;;;;;
-7.280e-02,-2;;;;;;;
-7.200e-02,-2.8;;;;;;;
-7.120e-02,-2.8;;;;;;;
-7.040e-02,-3.2;;;;;;;
-6.960e-02,-3.6;;;;;;;
-6.880e-02,-4;;;;;;;
-6.800e-02,-4;;;;;;;
-6.720e-02,-4;;;;;;;
-6.640e-02,-6;;;;;;;
-6.560e-02,-7.6;;;;;;;
-6.480e-02,-6.8;;;;;;;
-6.400e-02,-6.4;;;;;;;
-6.320e-02,-5.2;;;;;;;
-6.240e-02,-5.2;;;;;;;
-6.160e-02,-6.4;;;;;;;
-6.080e-02,-6;;;;;;;
-6.000e-02,-5.6;;;;;;;
-5.920e-02,-4;;;;;;;
-5.840e-02,-2.8;;;;;;;
-5.760e-02,-2.8;;;;;;;
-5.680e-02,-2.8;;;;;;;
-5.600e-02,-2.4;;;;;;;
-5.520e-02,-2;;;;;;;
-5.440e-02,-1.6;;;;;;;
-5.360e-02,-2;;;;;;;
-5.280e-02,-2.4;;;;;;;
-5.200e-02,-2.4;;;;;;;
-5.120e-02,-2.4;;;;;;;
-5.040e-02,-1.2;;;;;;;
-4.960e-02,-0.8;;;;;;;
-4.880e-02,-0.4;;;;;;;
-4.800e-02,-0.4;;;;;;;
-4.720e-02,-0.8;;;;;;;
-4.640e-02,-0.4;;;;;;;
-4.560e-02,0;;;;;;;
-4.480e-02,0;;;;;;;
-4.400e-02,0;;;;;;;
-4.320e-02,0;;;;;;;
-4.240e-02,0.4;;;;;;;
-4.160e-02,0.8;;;;;;;
-4.080e-02,0.4;;;;;;;
-4.000e-02,0;;;;;;;
-3.920e-02,-0.4;;;;;;;
-3.840e-02,-0.8;;;;;;;
-3.760e-02,-0.4;;;;;;;
-3.680e-02,-0.4;;;;;;;
-3.600e-02,-0.4;;;;;;;
-3.520e-02,-0.4;;;;;;;
-3.440e-02,0.4;;;;;;;
-3.360e-02,0.8;;;;;;;
-3.280e-02,1.2;;;;;;;
-3.200e-02,0.4;;;;;;;
-3.120e-02,-0.4;;;;;;;
-3.040e-02,0;;;;;;;
-2.960e-02,0;;;;;;;
-2.880e-02,0.4;;;;;;;
-2.800e-02,0;;;;;;;
-2.720e-02,0.4;;;;;;;
-2.640e-02,0.8;;;;;;;
-2.560e-02,0.8;;;;;;;
-2.480e-02,0.8;;;;;;;
-2.400e-02,0.8;;;;;;;
-2.320e-02,0.4;;;;;;;
-2.240e-02,0.4;;;;;;;
-2.160e-02,0.4;;;;;;;
-2.080e-02,0;;;;;;;
-2.000e-02,0;;;;;;;
-1.920e-02,-0.4;;;;;;;
-1.840e-02,-0.4;;;;;;;
-1.760e-02,-0.4;;;;;;;
-1.680e-02,-0.8;;;;;;;
-1.600e-02,-0.8;;;;;;;
-1.520e-02,-0.4;;;;;;;
-1.440e-02,-0.8;;;;;;;
-1.360e-02,-0.8;;;;;;;
-1.280e-02,-0.4;;;;;;;
-1.200e-02,-0.8;;;;;;;
-1.120e-02,-0.4;;;;;;;
-1.040e-02,0;;;;;;;
-9.600e-03,0.4;;;;;;;
-8.800e-03,0.4;;;;;;;
-8.000e-03,0.4;;;;;;;
-7.200e-03,0.8;;;;;;;
-6.400e-03,0.4;;;;;;;
-5.600e-03,0.8;;;;;;;
-4.800e-03,0.8;;;;;;;
-4.000e-03,0.8;;;;;;;
-3.200e-03,0.4;;;;;;;
-2.400e-03,0.4;;;;;;;
-1.600e-03,0.4;;;;;;;
-8.000e-04,0;;;;;;;
1.463e-14,0;;;;;;;
8.000e-04,-0.8;;;;;;;
1.600e-03,-0.8;;;;;;;
2.400e-03,-0.8;;;;;;;
3.200e-03,-1.2;;;;;;;
4.000e-03,-0.4;;;;;;;
4.800e-03,-0.4;;;;;;;
5.600e-03,-0.8;;;;;;;
6.400e-03,-0.4;;;;;;;
7.200e-03,-0.4;;;;;;;
8.000e-03,-0.4;;;;;;;
8.800e-03,-0.4;;;;;;;
9.600e-03,0;;;;;;;
1.040e-02,0;;;;;;;
1.120e-02,0.4;;;;;;;
1.200e-02,0.4;;;;;;;
1.280e-02,0.4;;;;;;;
1.360e-02,0.8;;;;;;;
1.440e-02,0.4;;;;;;;
1.520e-02,1.2;;;;;;;
1.600e-02,0.4;;;;;;;
1.680e-02,0.4;;;;;;;
1.760e-02,0.4;;;;;;;
1.840e-02,0.4;;;;;;;
1.920e-02,0.4;;;;;;;
2.000e-02,0;;;;;;;
2.080e-02,-0.4;;;;;;;
2.160e-02,-0.4;;;;;;;
2.240e-02,-0.8;;;;;;;
2.320e-02,-0.8;;;;;;;
2.400e-02,-0.8;;;;;;;
2.480e-02,-0.8;;;;;;;
2.560e-02,-0.8;;;;;;;
2.640e-02,-0.4;;;;;;;
2.720e-02,-0.4;;;;;;;
2.800e-02,-0.8;;;;;;;
2.880e-02,-0.8;;;;;;;
2.960e-02,0;;;;;;;
3.040e-02,0;;;;;;;
3.120e-02,0.4;;;;;;;
3.200e-02,0.4;;;;;;;
3.280e-02,0.4;;;;;;;
3.360e-02,0.4;;;;;;;
3.440e-02,0.8;;;;;;;
3.520e-02,0.8;;;;;;;
3.600e-02,0.8;;;;;;;
3.680e-02,0.4;;;;;;;
3.760e-02,0.4;;;;;;;
3.840e-02,0.4;;;;;;;
3.920e-02,0.4;;;;;;;
4.000e-02,0;;;;;;;
4.080e-02,-0.4;;;;;;;
4.160e-02,-0.4;;;;;;;
4.240e-02,-0.8;;;;;;;
4.320e-02,-0.8;;;;;;;
4.400e-02,-0.8;;;;;;;
4.480e-02,-0.8;;;;;;;
4.560e-02,-0.8;;;;;;;
4.640e-02,-0.4;;;;;;;
4.720e-02,-0.4;;;;;;;
4.800e-02,-0.8;;;;;;;
4.880e-02,-0.8;;;;;;;
4.960e-02,-0.4;;;;;;;
5.040e-02,0;;;;;;;
5.120e-02,0.4;;;;;;;
5.200e-02,0.4;;;;;;;
5.280e-02,0.8;;;;;;;
5.360e-02,0.8;;;;;;;
5.440e-02,0.8;;;;;;;
5.520e-02,0.4;;;;;;;
5.600e-02,0.4;;;;;;;
5.680e-02,0.4;;;;;;;
5.760e-02,0.4;;;;;;;
5.840e-02,0.4;;;;;;;
5.920e-02,0;;;;;;;
6.000e-02,0;;;;;;;
6.080e-02,0;;;;;;;
6.160e-02,-0.4;;;;;;;
6.240e-02,-0.8;;;;;;;
6.320e-02,-0.8;;;;;;;
6.400e-02,-1.2;;;;;;;
6.480e-02,-0.8;;;;;;;
6.560e-02,-0.4;;;;;;;
6.640e-02,-0.4;;;;;;;
6.720e-02,-0.4;;;;;;;
6.800e-02,-0.4;;;;;;;
6.880e-02,-0.4;;;;;;;
6.960e-02,0;;;;;;;
7.040e-02,0;;;;;;;
7.120e-02,0.8;;;;;;;
7.200e-02,0.4;;;;;;;
7.280e-02,0.8;;;;;;;
7.360e-02,0.4;;;;;;;
7.440e-02,0.8;;;;;;;
7.520e-02,0.8;;;;;;;
7.600e-02,0.8;;;;;;;
7.680e-02,0.4;;;;;;;
7.760e-02,0.8;;;;;;;
7.840e-02,0.4;;;;;;;
7.920e-02,0.4;;;;;;;
8.000e-02,0;;;;;;;
8.080e-02,-0.4;;;;;;;
8.160e-02,-0.4;;;;;;;
8.240e-02,-0.8;;;;;;;
8.320e-02,-0.8;;;;;;;
8.400e-02,-0.8;;;;;;;
8.480e-02,-1.2;;;;;;;
8.560e-02,-0.8;;;;;;;
8.640e-02,-0.4;;;;;;;
8.720e-02,-0.4;;;;;;;
8.800e-02,-0.8;;;;;;;
8.880e-02,-0.4;;;;;;;
8.960e-02,0;;;;;;;
9.040e-02,0.4;;;;;;;
9.120e-02,0.4;;;;;;;
9.200e-02,0.4;;;;;;;
9.280e-02,0.4;;;;;;;
9.360e-02,0.4;;;;;;;
9.440e-02,0.8;;;;;;;
9.520e-02,0.8;;;;;;;
9.600e-02,0.8;;;;;;;
9.680e-02,0.4;;;;;;;
9.760e-02,0.4;;;;;;;
9.840e-02,0.4;;;;;;;
9.920e-02,0.4;;;;;;;
1.000e-01,0;;;;;;;
1.008e-01,-0.4;;;;;;;
1.016e-01,-0.4;;;;;;;
1.024e-01,-0.8;;;;;;;
1.032e-01,-0.8;;;;;;;
1.040e-01,-0.8;;;;;;;
1.048e-01,-0.8;;;;;;;
1.056e-01,-0.4;;;;;;;
1.064e-01,-0.4;;;;;;;
1.072e-01,-0.4;;;;;;;
1.080e-01,-0.4;;;;;;;
1.088e-01,-0.8;;;;;;;
1.096e-01,0;;;;;;;
1.104e-01,0;;;;;;;
1.112e-01,0.4;;;;;;;
1.120e-01,0.4;;;;;;;
1.128e-01,0.4;;;;;;;
1.136e-01,0.8;;;;;;;
1.144e-01,0.4;;;;;;;
1.152e-01,0.8;;;;;;;
1.160e-01,0.4;;;;;;;
1.168e-01,0.4;;;;;;;
1.176e-01,0.4;;;;;;;
1.184e-01,0.4;;;;;;;
1.192e-01,0.4;;;;;;;
1.200e-01,0;;;;;;;
1.208e-01,-0.4;;;;;;;
1.216e-01,-0.4;;;;;;;
1.224e-01,-0.8;;;;;;;
1.232e-01,-0.8;;;;;;;
1.240e-01,-0.4;;;;;;;
1.248e-01,-1.2;;;;;;;
1.256e-01,-0.8;;;;;;;
1.264e-01,-0.4;;;;;;;
1.272e-01,-0.4;;;;;;;
1.280e-01,-0.4;;;;;;;
1.288e-01,-0.8;;;;;;;
1.296e-01,-0.4;;;;;;;
1.304e-01,0;;;;;;;
1.312e-01,0;;;;;;;
1.320e-01,0.4;;;;;;;
1.328e-01,0.8;;;;;;;
1.336e-01,0.8;;;;;;;
1.344e-01,0.4;;;;;;;
1.352e-01,0.8;;;;;;;
1.360e-01,0.8;;;;;;;
1.368e-01,0.4;;;;;;;
1.376e-01,0.4;;;;;;;
1.384e-01,0.4;;;;;;;
1.392e-01,0.4;;;;;;;
1.400e-01,0;;;;;;;
1.408e-01,-0.4;;;;;;;
1.416e-01,-0.8;;;;;;;
1.424e-01,-0.8;;;;;;;
1.432e-01,-1.2;;;;;;;
1.440e-01,-0.8;;;;;;;
1.448e-01,-0.8;;;;;;;
1.456e-01,-0.8;;;;;;;
1.464e-01,-0.4;;;;;;;
1.472e-01,-0.4;;;;;;;
1.480e-01,-0.8;;;;;;;
1.488e-01,-0.8;;;;;;;
1.496e-01,-0.4;;;;;;;
1.504e-01,0;;;;;;;
1.512e-01,0.4;;;;;;;
1.520e-01,0.4;;;;;;;
1.528e-01,0.4;;;;;;;
1.536e-01,0.8;;;;;;;
1.544e-01,0.8;;;;;;;
1.552e-01,0.8;;;;;;;
1.560e-01,0.4;;;;;;;
1.568e-01,0.4;;;;;;;
1.576e-01,0.4;;;;;;;
1.584e-01,0.4;;;;;;;
1.592e-01,0;;;;;;;
1.600e-01,0;;;;;;;
1.608e-01,-0.4;;;;;;;
1.616e-01,-0.8;;;;;;;
1.624e-01,-0.4;;;;;;;
1.632e-01,-0.8;;;;;;;
1.640e-01,-0.8;;;;;;;
1.648e-01,-0.8;;;;;;;
1.656e-01,-0.8;;;;;;;
1.664e-01,-0.8;;;;;;;
1.672e-01,-0.8;;;;;;;
1.680e-01,-0.4;;;;;;;
1.688e-01,-0.4;;;;;;;
1.696e-01,-0.4;;;;;;;
1.704e-01,0;;;;;;;
1.712e-01,0.4;;;;;;;
1.720e-01,0.4;;;;;;;
1.728e-01,0.8;;;;;;;
1.736e-01,0.4;;;;;;;
1.744e-01,0.4;;;;;;;
1.752e-01,0.8;;;;;;;
1.760e-01,0.8;;;;;;;
1.768e-01,0.4;;;;;;;
1.776e-01,0.4;;;;;;;
1.784e-01,0.4;;;;;;;
1.792e-01,0.4;;;;;;;
1.800e-01,0;;;;;;;
1.808e-01,-0.4;;;;;;;
1.816e-01,-0.8;;;;;;;
1.824e-01,-0.4;;;;;;;
1.832e-01,-0.4;;;;;;;
1.840e-01,-0.8;;;;;;;
1.848e-01,-0.8;;;;;;;
1.856e-01,-0.4;;;;;;;
1.864e-01,-0.4;;;;;;;
1.872e-01,-0.8;;;;;;;
1.880e-01,-0.4;;;;;;;
1.888e-01,-0.4;;;;;;;
1.896e-01,0;;;;;;;
1.904e-01,0;;;;;;;
1.912e-01,0.8;;;;;;;
1.920e-01,0.4;;;;;;;
1.928e-01,0.8;;;;;;;
1.936e-01,0.8;;;;;;;
1.944e-01,0.8;;;;;;;
1.952e-01,1.2;;;;;;;
1.960e-01,1.2;;;;;;;
1.968e-01,0.8;;;;;;;
1.976e-01,1.2;;;;;;;
1.984e-01,1.2;;;;;;;
1.992e-01,1.2;;;;;;;
2.000e-01,0.8;;;;;;;
2.008e-01,0.8;;;;;;;
2.016e-01,0.4;;;;;;;
2.024e-01,0.8;;;;;;;
2.032e-01,0.8;;;;;;;
2.040e-01,0.8;;;;;;;
2.048e-01,0.8;;;;;;;
2.056e-01,1.2;;;;;;;
2.064e-01,1.2;;;;;;;
2.072e-01,1.6;;;;;;;
2.080e-01,2;;;;;;;
2.088e-01,2.4;;;;;;;
2.096e-01,3.2;;;;;;;
2.104e-01,4;;;;;;;
2.112e-01,5.2;;;;;;;
2.120e-01,6.4;;;;;;;
2.128e-01,9.2;;;;;;;
2.136e-01,16.4;;;;;;;
2.144e-01,22.8;;;;;;;
2.152e-01,10.4;;;;;;;
2.160e-01,4.4;;;;;;;
2.168e-01,1.6;;;;;;;
2.176e-01,0.4;;;;;;;
2.184e-01,0.8;;;;;;;
2.192e-01,2;;;;;;;
2.200e-01,2;;;;;;;
2.208e-01,0.8;;;;;;;
2.216e-01,0;;;;;;;
2.224e-01,-0.4;;;;;;;
2.232e-01,-0.4;;;;;;;
2.240e-01,-0.4;;;;;;;
2.248e-01,-0.8;;;;;;;
2.256e-01,-0.8;;;;;;;
2.264e-01,-0.8;;;;;;;
2.272e-01,-0.8;;;;;;;
2.280e-01,-0.4;;;;;;;
2.288e-01,-0.8;;;;;;;
2.296e-01,-0.4;;;;;;;
2.304e-01,0;;;;;;;
2.312e-01,0.4;;;;;;;
2.320e-01,0.4;;;;;;;
2.328e-01,0.4;;;;;;;
2.336e-01,0.4;;;;;;;
2.344e-01,0.8;;;;;;;
2.352e-01,0.8;;;;;;;
2.360e-01,0.4;;;;;;;
2.368e-01,0.4;;;;;;;
2.376e-01,0.4;;;;;;;
2.384e-01,0.8;;;;;;;
2.392e-01,0.4;;;;;;;
2.400e-01,0.4;;;;;;;
2.408e-01,-0.4;;;;;;;
2.416e-01,-0.8;;;;;;;
2.424e-01,-1.2;;;;;;;
2.432e-01,-1.2;;;;;;;
2.440e-01,-0.8;;;;;;;
2.448e-01,-0.8;;;;;;;
2.456e-01,-0.8;;;;;;;
2.464e-01,-0.8;;;;;;;
2.472e-01,-0.8;;;;;;;
2.480e-01,-0.8;;;;;;;
2.488e-01,-0.4;;;;;;;
2.496e-01,-0.4;;;;;;;
2.504e-01,0;;;;;;;
2.512e-01,0.4;;;;;;;
2.520e-01,0.4;;;;;;;
2.528e-01,0.4;;;;;;;
2.536e-01,0.4;;;;;;;
2.544e-01,0.8;;;;;;;
2.552e-01,0.8;;;;;;;
2.560e-01,0.8;;;;;;;
2.568e-01,0.4;;;;;;;
2.576e-01,0.4;;;;;;;
2.584e-01,0.4;;;;;;;
2.592e-01,0.4;;;;;;;
2.600e-01,0;;;;;;;
2.608e-01,-0.4;;;;;;;
2.616e-01,-0.8;;;;;;;
2.624e-01,-0.8;;;;;;;
2.632e-01,-0.8;;;;;;;
2.640e-01,-0.8;;;;;;;
2.648e-01,-0.8;;;;;;;
2.656e-01,-0.8;;;;;;;
2.664e-01,-0.8;;;;;;;
2.672e-01,-0.8;;;;;;;
2.680e-01,-0.8;;;;;;;
2.688e-01,-0.8;;;;;;;
2.696e-01,-0.4;;;;;;;
2.704e-01,0;;;;;;;
2.712e-01,0.8;;;;;;;
2.720e-01,0.8;;;;;;;
2.728e-01,0.4;;;;;;;
2.736e-01,0.4;;;;;;;
2.744e-01,0.8;;;;;;;
2.752e-01,0.8;;;;;;;
2.760e-01,0.4;;;;;;;
2.768e-01,0.8;;;;;;;
2.776e-01,0.4;;;;;;;
2.784e-01,0.4;;;;;;;
2.792e-01,0.4;;;;;;;
2.800e-01,0;;;;;;;
2.808e-01,-0.4;;;;;;;
2.816e-01,-0.8;;;;;;;
2.824e-01,-0.8;;;;;;;
2.832e-01,-0.8;;;;;;;
2.840e-01,-0.8;;;;;;;
2.848e-01,-0.8;;;;;;;
2.856e-01,-0.8;;;;;;;
2.864e-01,-0.8;;;;;;;
2.872e-01,-0.8;;;;;;;
2.880e-01,-0.8;;;;;;;
2.888e-01,-0.8;;;;;;;
2.896e-01,-0.4;;;;;;;
2.904e-01,0;;;;;;;
2.912e-01,0.4;;;;;;;
2.920e-01,0.4;;;;;;;
2.928e-01,0.4;;;;;;;
2.936e-01,0.8;;;;;;;
2.944e-01,0.4;;;;;;;
2.952e-01,0.8;;;;;;;
2.960e-01,0.8;;;;;;;
2.968e-01,0.8;;;;;;;
2.976e-01,0.8;;;;;;;
2.984e-01,0.4;;;;;;;
2.992e-01,0.4;;;;;;;
3.000e-01,0;;;;;;;
3.008e-01,-0.4;;;;;;;
3.016e-01,-0.8;;;;;;;
3.024e-01,-0.8;;;;;;;
3.032e-01,-0.8;;;;;;;
3.040e-01,-0.4;;;;;;;
3.048e-01,-1.2;;;;;;;
3.056e-01,-0.8;;;;;;;
3.064e-01,-1.2;;;;;;;
3.072e-01,-0.8;;;;;;;
3.080e-01,-0.8;;;;;;;
3.088e-01,-0.8;;;;;;;
3.096e-01,-0.4;;;;;;;
3.104e-01,0;;;;;;;
3.112e-01,0.4;;;;;;;
3.120e-01,0.4;;;;;;;
3.128e-01,0.4;;;;;;;
3.136e-01,0.4;;;;;;;
3.144e-01,0.8;;;;;;;
3.152e-01,0.8;;;;;;;
3.160e-01,0.8;;;;;;;
3.168e-01,0.8;;;;;;;
3.176e-01,0.4;;;;;;;
3.184e-01,0.4;;;;;;;
3.192e-01,0;;;;;;;
3.200e-01,0;;;;;;;
3.208e-01,-0.4;;;;;;;
3.216e-01,-0.8;;;;;;;
3.224e-01,-0.8;;;;;;;
3.232e-01,-0.8;;;;;;;
3.240e-01,-0.8;;;;;;;
3.248e-01,-1.2;;;;;;;
3.256e-01,-1.2;;;;;;;
3.264e-01,-0.8;;;;;;;
3.272e-01,-0.8;;;;;;;
3.280e-01,-1.2;;;;;;;
3.288e-01,-0.8;;;;;;;
3.296e-01,-0.4;;;;;;;
3.304e-01,0;;;;;;;
3.312e-01,0.4;;;;;;;
3.320e-01,0.4;;;;;;;
3.328e-01,0.4;;;;;;;
3.336e-01,0.4;;;;;;;
3.344e-01,0.8;;;;;;;
3.352e-01,0.8;;;;;;;
3.360e-01,0.8;;;;;;;
3.368e-01,0.8;;;;;;;
3.376e-01,0.4;;;;;;;
3.384e-01,0.4;;;;;;;
3.392e-01,0.4;;;;;;;
3.400e-01,0;;;;;;;
3.408e-01,-0.4;;;;;;;
3.416e-01,-0.8;;;;;;;
3.424e-01,-1.2;;;;;;;
3.432e-01,-0.8;;;;;;;
3.440e-01,-1.2;;;;;;;
3.448e-01,-0.4;;;;;;;
3.456e-01,-0.8;;;;;;;
3.464e-01,-0.8;;;;;;;
3.472e-01,-0.4;;;;;;;
3.480e-01,-0.4;;;;;;;
3.488e-01,-0.8;;;;;;;
3.496e-01,-0.4;;;;;;;
3.504e-01,-0.4;;;;;;;
3.512e-01,0.4;;;;;;;
3.520e-01,0.4;;;;;;;
3.528e-01,0.4;;;;;;;
3.536e-01,0.8;;;;;;;
3.544e-01,0.4;;;;;;;
3.552e-01,0.8;;;;;;;
3.560e-01,0.8;;;;;;;
3.568e-01,0.4;;;;;;;
3.576e-01,0.4;;;;;;;
3.584e-01,0.8;;;;;;;
3.592e-01,0.4;;;;;;;
3.600e-01,0;;;;;;;
3.608e-01,-0.4;;;;;;;
3.616e-01,-0.8;;;;;;;
3.624e-01,-1.2;;;;;;;
3.632e-01,-0.8;;;;;;;
3.640e-01,-0.8;;;;;;;
3.648e-01,-0.8;;;;;;;
3.656e-01,-0.8;;;;;;;
3.664e-01,-0.8;;;;;;;
3.672e-01,-0.4;;;;;;;
3.680e-01,-0.8;;;;;;;
3.688e-01,-0.8;;;;;;;
3.696e-01,-0.4;;;;;;;
3.704e-01,-0.4;;;;;;;
3.712e-01,0.4;;;;;;;
3.720e-01,0.4;;;;;;;
3.728e-01,0.4;;;;;;;
3.736e-01,0.4;;;;;;;
3.744e-01,0.8;;;;;;;
3.752e-01,0.8;;;;;;;
3.760e-01,0.8;;;;;;;
3.768e-01,0.8;;;;;;;
3.776e-01,0.4;;;;;;;
3.784e-01,0.4;;;;;;;
3.792e-01,0.4;;;;;;;
3.800e-01,0;;;;;;;
3.808e-01,-0.4;;;;;;;
3.816e-01,-0.8;;;;;;;
3.824e-01,-0.8;;;;;;;
3.832e-01,-1.2;;;;;;;
3.840e-01,-0.8;;;;;;;
3.848e-01,-0.8;;;;;;;
3.856e-01,-0.8;;;;;;;
3.864e-01,-0.8;;;;;;;
3.872e-01,-0.8;;;;;;;
3.880e-01,-0.8;;;;;;;
3.888e-01,-0.8;;;;;;;
3.896e-01,-0.8;;;;;;;
3.904e-01,0;;;;;;;
3.912e-01,0.4;;;;;;;
3.920e-01,0.4;;;;;;;
3.928e-01,0.8;;;;;;;
3.936e-01,0.8;;;;;;;
3.944e-01,0.8;;;;;;;
3.952e-01,0.8;;;;;;;
3.960e-01,0.4;;;;;;;
3.968e-01,0.8;;;;;;;
3.976e-01,0.4;;;;;;;
3.984e-01,0.4;;;;;;;
3.992e-01,0.4;;;;;;;
4.000e-01,0;;;;;;;
4.008e-01,0;;;;;;;
4.016e-01,-0.4;;;;;;;
4.024e-01,-0.8;;;;;;;
4.032e-01,-0.8;;;;;;;
4.040e-01,-0.8;;;;;;;
4.048e-01,-1.2;;;;;;;
4.056e-01,-0.8;;;;;;;
4.064e-01,-0.8;;;;;;;
4.072e-01,-0.8;;;;;;;
4.080e-01,-0.8;;;;;;;
4.088e-01,-0.8;;;;;;;
4.096e-01,-0.4;;;;;;;
4.104e-01,0;;;;;;;
4.112e-01,0.4;;;;;;;
4.120e-01,0.4;;;;;;;
4.128e-01,0.4;;;;;;;
4.136e-01,0.4;;;;;;;
4.144e-01,0.4;;;;;;;
4.152e-01,0.8;;;;;;;
4.160e-01,0.4;;;;;;;
4.168e-01,0.4;;;;;;;
4.176e-01,0.4;;;;;;;
4.184e-01,0.4;;;;;;;
4.192e-01,0;;;;;;;
4.200e-01,0;;;;;;;
4.208e-01,-0.8;;;;;;;
4.216e-01,-1.2;;;;;;;
4.224e-01,-1.6;;;;;;;
4.232e-01,-1.6;;;;;;;
4.240e-01,-1.2;;;;;;;
4.248e-01,-2;;;;;;;
4.256e-01,-1.6;;;;;;;
4.264e-01,-2;;;;;;;
4.272e-01,-2;;;;;;;
4.280e-01,-2.4;;;;;;;
4.288e-01,-2.4;;;;;;;
4.296e-01,-2.8;;;;;;;
4.304e-01,-3.2;;;;;;;
4.312e-01,-4.4;;;;;;;
4.320e-01,-4;;;;;;;
4.328e-01,-4;;;;;;;
4.336e-01,-4.8;;;;;;;
4.344e-01,-8;;;;;;;
4.352e-01,-6.4;;;;;;;
4.360e-01,-6;;;;;;;
4.368e-01,-6;;;;;;;
4.376e-01,-4.8;;;;;;;
4.384e-01,-6.4;;;;;;;
4.392e-01,-6;;;;;;;
4.400e-01,-6.4;;;;;;;
4.408e-01,-4.8;;;;;;;
4.416e-01,-3.6;;;;;;;
4.424e-01,-2.8;;;;;;;
4.432e-01,-2.8;;;;;;;
4.440e-01,-2.4;;;;;;;
4.448e-01,-1.6;;;;;;;
4.456e-01,-2;;;;;;;
4.464e-01,-2;;;;;;;
4.472e-01,-2.4;;;;;;;
4.480e-01,-2.4;;;;;;;
4.488e-01,-2.4;;;;;;;
4.496e-01,-2.4;;;;;;;
4.504e-01,-1.6;;;;;;;
4.512e-01,-0.8;;;;;;;
4.520e-01,-0.4;;;;;;;
4.528e-01,-0.4;;;;;;;
4.536e-01,-0.4;;;;;;;
4.544e-01,-0.4;;;;;;;
4.552e-01,0;;;;;;;
4.560e-01,0;;;;;;;
4.568e-01,0;;;;;;;
4.576e-01,0;;;;;;;
4.584e-01,0.4;;;;;;;
4.592e-01,0.8;;;;;;;
4.600e-01,0.4;;;;;;;
4.608e-01,-0.4;;;;;;;
4.616e-01,-0.4;;;;;;;
4.624e-01,-0.8;;;;;;;
4.632e-01,-0.4;;;;;;;
4.640e-01,-0.8;;;;;;;
4.648e-01,0;;;;;;;
4.656e-01,0;;;;;;;
4.664e-01,0.4;;;;;;;
4.672e-01,1.2;;;;;;;
4.680e-01,0.8;;;;;;;
4.688e-01,-0.8;;;;;;;
4.696e-01,-0.4;;;;;;;
4.704e-01,0;;;;;;;
4.712e-01,0;;;;;;;
4.720e-01,0.4;;;;;;;
4.728e-01,0;;;;;;;
4.736e-01,0.4;;;;;;;
4.744e-01,0.4;;;;;;;
4.752e-01,0.4;;;;;;;
4.760e-01,0.4;;;;;;;
4.768e-01,0.4;;;;;;;
4.776e-01,0.4;;;;;;;
4.784e-01,0.4;;;;;;;
4.792e-01,0.4;;;;;;;
4.800e-01,0;;;;;;;
4.808e-01,0;;;;;;;
4.816e-01,-0.4;;;;;;;
4.824e-01,-0.8;;;;;;;
4.832e-01,-0.8;;;;;;;
4.840e-01,-0.8;;;;;;;
4.848e-01,-0.8;;;;;;;
4.856e-01,-0.8;;;;;;;
4.864e-01,-0.8;;;;;;;
4.872e-01,-0.8;;;;;;;
4.880e-01,-0.4;;;;;;;
4.888e-01,-0.8;;;;;;;
4.896e-01,-0.8;;;;;;;
4.904e-01,0;;;;;;;
4.912e-01,0.4;;;;;;;
4.920e-01,0.4;;;;;;;
4.928e-01,0.4;;;;;;;
4.936e-01,0.4;;;;;;;
4.944e-01,0.4;;;;;;;
4.952e-01,1.2;;;;;;;
4.960e-01,0.8;;;;;;;
4.968e-01,0.4;;;;;;;
4.976e-01,0.4;;;;;;;
4.984e-01,0.4;;;;;;;
4.992e-01,0.4;;;;;;;
5.000e-01,0;;;;;;;
5.008e-01,-0.4;;;;;;;
5.016e-01,-0.4;;;;;;;
5.024e-01,-0.8;;;;;;;
5.032e-01,-0.8;;;;;;;
5.040e-01,-0.4;;;;;;;
5.048e-01,-0.8;;;;;;;
5.056e-01,-0.8;;;;;;;
5.064e-01,-0.8;;;;;;;
5.072e-01,-0.8;;;;;;;
5.080e-01,-0.8;;;;;;;
5.088e-01,-0.4;;;;;;;
5.096e-01,-0.4;;;;;;;
5.104e-01,0;;;;;;;
5.112e-01,0;;;;;;;
5.120e-01,0.4;;;;;;;
5.128e-01,0.4;;;;;;;
5.136e-01,0.4;;;;;;;
5.144e-01,0.8;;;;;;;
5.152e-01,0.8;;;;;;;
5.160e-01,0.8;;;;;;;
5.168e-01,0.4;;;;;;;
5.176e-01,0.4;;;;;;;
5.184e-01,0.8;;;;;;;
5.192e-01,0.4;;;;;;;
5.200e-01,0;;;;;;;
5.208e-01,-0.4;;;;;;;
5.216e-01,-0.4;;;;;;;
5.224e-01,-0.8;;;;;;;
5.232e-01,-0.8;;;;;;;
5.240e-01,-0.4;;;;;;;
5.248e-01,-1.2;;;;;;;
5.256e-01,-0.8;;;;;;;
5.264e-01,-0.8;;;;;;;
5.272e-01,-0.4;;;;;;;
5.280e-01,-0.8;;;;;;;
5.288e-01,-0.8;;;;;;;
5.296e-01,-0.4;;;;;;;
5.304e-01,0;;;;;;;
5.312e-01,0.4;;;;;;;
5.320e-01,0.4;;;;;;;
5.328e-01,0.4;;;;;;;
5.336e-01,0.4;;;;;;;
5.344e-01,0.4;;;;;;;
5.352e-01,0.8;;;;;;;
5.360e-01,0.8;;;;;;;
5.368e-01,0.4;;;;;;;
5.376e-01,0.4;;;;;;;
5.384e-01,0;;;;;;;
5.392e-01,0.4;;;;;;;
5.400e-01,0;;;;;;;
5.408e-01,-0.4;;;;;;;
5.416e-01,-0.4;;;;;;;
5.424e-01,-0.8;;;;;;;
5.432e-01,-0.8;;;;;;;
5.440e-01,-0.8;;;;;;;
5.448e-01,-0.8;;;;;;;
5.456e-01,-1.2;;;;;;;
5.464e-01,-0.8;;;;;;;
5.472e-01,-0.8;;;;;;;
5.480e-01,-0.8;;;;;;;
5.488e-01,-0.4;;;;;;;
5.496e-01,-0.4;;;;;;;
5.504e-01,0;;;;;;;
5.512e-01,0;;;;;;;
5.520e-01,0.4;;;;;;;
5.528e-01,0.4;;;;;;;
5.536e-01,0.4;;;;;;;
5.544e-01,0.8;;;;;;;
5.552e-01,0.4;;;;;;;
5.560e-01,0.8;;;;;;;
5.568e-01,0.4;;;;;;;
5.576e-01,0.4;;;;;;;
5.584e-01,0.4;;;;;;;
5.592e-01,0.4;;;;;;;
5.600e-01,0.4;;;;;;;
5.608e-01,0;;;;;;;
5.616e-01,-0.4;;;;;;;
5.624e-01,-0.8;;;;;;;
5.632e-01,-0.8;;;;;;;
5.640e-01,-0.8;;;;;;;
5.648e-01,-0.8;;;;;;;
5.656e-01,-0.8;;;;;;;
5.664e-01,-0.8;;;;;;;
5.672e-01,-0.4;;;;;;;
5.680e-01,-0.8;;;;;;;
5.688e-01,-0.8;;;;;;;
5.696e-01,-0.4;;;;;;;
5.704e-01,-0.4;;;;;;;
5.712e-01,0;;;;;;;
5.720e-01,0.4;;;;;;;
5.728e-01,0.4;;;;;;;
5.736e-01,0.4;;;;;;;
5.744e-01,0.4;;;;;;;
5.752e-01,1.2;;;;;;;
5.760e-01,0.4;;;;;;;
5.768e-01,0.8;;;;;;;
5.776e-01,0.4;;;;;;;
5.784e-01,0;;;;;;;
5.792e-01,0.4;;;;;;;
5.800e-01,0.4;;;;;;;
5.808e-01,0;;;;;;;
5.816e-01,-0.4;;;;;;;
5.824e-01,-0.8;;;;;;;
5.832e-01,-1.2;;;;;;;
5.840e-01,-0.8;;;;;;;
5.848e-01,-0.4;;;;;;;
5.856e-01,-0.4;;;;;;;
5.864e-01,-0.8;;;;;;;
5.872e-01,-0.4;;;;;;;
5.880e-01,-0.8;;;;;;;
5.888e-01,-0.8;;;;;;;
5.896e-01,-0.8;;;;;;;
5.904e-01,0;;;;;;;
5.912e-01,0.4;;;;;;;
5.920e-01,0.4;;;;;;;
5.928e-01,0.4;;;;;;;
5.936e-01,0.4;;;;;;;
5.944e-01,0.8;;;;;;;
5.952e-01,0.8;;;;;;;
5.960e-01,0.8;;;;;;;
5.968e-01,0.4;;;;;;;
5.976e-01,0.4;;;;;;;
5.984e-01,0.4;;;;;;;
5.992e-01,0.4;;;;;;;
6.000e-01,0;;;;;;;
6.008e-01,0;;;;;;;
6.016e-01,-0.4;;;;;;;
6.024e-01,-0.8;;;;;;;
6.032e-01,-0.8;;;;;;;
6.040e-01,-0.8;;;;;;;
6.048e-01,-0.4;;;;;;;
6.056e-01,-0.4;;;;;;;
6.064e-01,-0.8;;;;;;;
6.072e-01,-0.4;;;;;;;
6.080e-01,-0.8;;;;;;;
6.088e-01,-0.8;;;;;;;
6.096e-01,-0.4;;;;;;;
6.104e-01,0;;;;;;;
6.112e-01,0;;;;;;;
6.120e-01,0.8;;;;;;;
6.128e-01,0.4;;;;;;;
6.136e-01,0.4;;;;;;;
6.144e-01,0.8;;;;;;;
6.152e-01,0.8;;;;;;;
6.160e-01,0.8;;;;;;;
6.168e-01,0.8;;;;;;;
6.176e-01,0.4;;;;;;;
6.184e-01,0.4;;;;;;;
6.192e-01,0.4;;;;;;;
6.200e-01,0;;;;;;;
6.208e-01,0;;;;;;;
6.216e-01,-0.4;;;;;;;
6.224e-01,-0.4;;;;;;;
6.232e-01,-0.8;;;;;;;
6.240e-01,-0.4;;;;;;;
6.248e-01,-0.4;;;;;;;
6.256e-01,-0.8;;;;;;;
6.264e-01,-0.8;;;;;;;
6.272e-01,-0.4;;;;;;;
6.280e-01,-0.8;;;;;;;
6.288e-01,-0.4;;;;;;;
6.296e-01,-0.8;;;;;;;
6.304e-01,0;;;;;;;
6.312e-01,0;;;;;;;
6.320e-01,0.8;;;;;;;
6.328e-01,0.4;;;;;;;
6.336e-01,0.4;;;;;;;
6.344e-01,0.8;;;;;;;
6.352e-01,0.4;;;;;;;
6.360e-01,0.4;;;;;;;
6.368e-01,0.4;;;;;;;
6.376e-01,0.4;;;;;;;
6.384e-01,0.8;;;;;;;
6.392e-01,0.4;;;;;;;
6.400e-01,0;;;;;;;
6.408e-01,0;;;;;;;
6.416e-01,-0.4;;;;;;;
6.424e-01,-0.8;;;;;;;
6.432e-01,-0.8;;;;;;;
6.440e-01,-0.4;;;;;;;
6.448e-01,-0.8;;;;;;;
6.456e-01,-1.2;;;;;;;
6.464e-01,-0.8;;;;;;;
6.472e-01,-0.4;;;;;;;
6.480e-01,-0.8;;;;;;;
6.488e-01,-0.8;;;;;;;
6.496e-01,-0.4;;;;;;;
6.504e-01,-0.4;;;;;;;
6.512e-01,0.4;;;;;;;
6.520e-01,0;;;;;;;
6.528e-01,0.8;;;;;;;
6.536e-01,0.8;;;;;;;
6.544e-01,0.8;;;;;;;
6.552e-01,0.8;;;;;;;
6.560e-01,0.8;;;;;;;
6.568e-01,0.4;;;;;;;
6.576e-01,0.4;;;;;;;
6.584e-01,0.4;;;;;;;
6.592e-01,0.4;;;;;;;
6.600e-01,0.4;;;;;;;
6.608e-01,0;;;;;;;
6.616e-01,-0.4;;;;;;;
6.624e-01,-0.4;;;;;;;
6.632e-01,-0.4;;;;;;;
6.640e-01,-0.4;;;;;;;
6.648e-01,-0.8;;;;;;;
6.656e-01,-0.8;;;;;;;
6.664e-01,-0.4;;;;;;;
6.672e-01,-0.4;;;;;;;
6.680e-01,-0.8;;;;;;;
6.688e-01,-0.4;;;;;;;
6.696e-01,-0.4;;;;;;;
6.704e-01,0;;;;;;;
6.712e-01,0;;;;;;;
6.720e-01,0.8;;;;;;;
6.728e-01,0.4;;;;;;;
6.736e-01,0.8;;;;;;;
6.744e-01,0.8;;;;;;;
6.752e-01,0.4;;;;;;;
6.760e-01,0.8;;;;;;;
6.768e-01,0.8;;;;;;;
6.776e-01,0.4;;;;;;;
6.784e-01,0.4;;;;;;;
6.792e-01,0.4;;;;;;;
6.800e-01,0.4;;;;;;;
6.808e-01,0;;;;;;;
6.816e-01,-0.8;;;;;;;
6.824e-01,-0.8;;;;;;;
6.832e-01,-0.4;;;;;;;
6.840e-01,-0.8;;;;;;;
6.848e-01,-0.8;;;;;;;
6.856e-01,-0.8;;;;;;;
6.864e-01,-0.8;;;;;;;
6.872e-01,-0.4;;;;;;;
6.880e-01,-0.4;;;;;;;
6.888e-01,-0.4;;;;;;;
6.896e-01,-0.4;;;;;;;
6.904e-01,0;;;;;;;
6.912e-01,0.4;;;;;;;
6.920e-01,0.4;;;;;;;
6.928e-01,0.8;;;;;;;
6.936e-01,0.8;;;;;;;
6.944e-01,0.8;;;;;;;
6.952e-01,0.8;;;;;;;
6.960e-01,1.2;;;;;;;
6.968e-01,1.2;;;;;;;
6.976e-01,1.2;;;;;;;
6.984e-01,1.2;;;;;;;
6.992e-01,1.2;;;;;;;
7.000e-01,1.2;;;;;;;
7.008e-01,0.8;;;;;;;
7.016e-01,0.8;;;;;;;
7.024e-01,0.8;;;;;;;
7.032e-01,0.8;;;;;;;
7.040e-01,0.8;;;;;;;
7.048e-01,0.8;;;;;;;
7.056e-01,1.2;;;;;;;
7.064e-01,1.2;;;;;;;
7.072e-01,2;;;;;;;
7.080e-01,2;;;;;;;
7.088e-01,2.4;;;;;;;
7.096e-01,2.8;;;;;;;
7.104e-01,3.6;;;;;;;
7.112e-01,4.8;;;;;;;
7.120e-01,6;;;;;;;
7.128e-01,8.4;;;;;;;
7.136e-01,12.8;;;;;;;
7.144e-01,24.4;;;;;;;
7.152e-01,15.2;;;;;;;
7.160e-01,6;;;;;;;
7.168e-01,2.4;;;;;;;
7.176e-01,0.8;;;;;;;
7.184e-01,0.4;;;;;;;
7.192e-01,2;;;;;;;
7.200e-01,2;;;;;;;
7.208e-01,1.6;;;;;;;
7.216e-01,0.4;;;;;;;
7.224e-01,0;;;;;;;
7.232e-01,-0.8;;;;;;;
7.240e-01,-0.8;;;;;;;
7.248e-01,-0.4;;;;;;;
7.256e-01,-0.4;;;;;;;
7.264e-01,-0.8;;;;;;;
7.272e-01,-0.8;;;;;;;
7.280e-01,-0.4;;;;;;;
7.288e-01,-0.4;;;;;;;
7.296e-01,-0.8;;;;;;;
7.304e-01,0;;;;;;;
7.312e-01,0.4;;;;;;;
7.320e-01,0.4;;;;;;;
7.328e-01,0.4;;;;;;;
7.336e-01,0.4;;;;;;;
7.344e-01,0.8;;;;;;;
7.352e-01,0.8;;;;;;;
7.360e-01,0.8;;;;;;;
7.368e-01,0.8;;;;;;;
7.376e-01,0.4;;;;;;;
7.384e-01,0.4;;;;;;;
7.392e-01,0.4;;;;;;;
7.400e-01,0.4;;;;;;;
7.408e-01,0;;;;;;;
7.416e-01,-0.4;;;;;;;
7.424e-01,-0.8;;;;;;;
7.432e-01,-1.2;;;;;;;
7.440e-01,-0.8;;;;;;;
7.448e-01,-0.8;;;;;;;
7.456e-01,-1.2;;;;;;;
7.464e-01,-0.8;;;;;;;
7.472e-01,-0.8;;;;;;;
7.480e-01,-0.8;;;;;;;
7.488e-01,-0.8;;;;;;;
7.496e-01,-0.8;;;;;;;
7.504e-01,-0.4;;;;;;;
7.512e-01,0;;;;;;;
7.520e-01,0.4;;;;;;;
7.528e-01,0.4;;;;;;;
7.536e-01,0.4;;;;;;;
7.544e-01,0.4;;;;;;;
7.552e-01,0.8;;;;;;;
7.560e-01,0.8;;;;;;;
7.568e-01,0.8;;;;;;;
7.576e-01,0.4;;;;;;;
7.584e-01,0.4;;;;;;;
7.592e-01,0.4;;;;;;;
7.600e-01,0;;;;;;;
7.608e-01,0;;;;;;;
7.616e-01,-0.4;;;;;;;
7.624e-01,-0.8;;;;;;;
7.632e-01,-0.8;;;;;;;
7.640e-01,-0.8;;;;;;;
7.648e-01,-1.2;;;;;;;
7.656e-01,-0.8;;;;;;;
7.664e-01,-0.8;;;;;;;
7.672e-01,-0.8;;;;;;;
7.680e-01,-0.8;;;;;;;
7.688e-01,-0.8;;;;;;;
7.696e-01,-0.8;;;;;;;
7.704e-01,-0.4;;;;;;;
7.712e-01,0;;;;;;;
7.720e-01,0.4;;;;;;;
7.728e-01,0.4;;;;;;;
7.736e-01,0.4;;;;;;;
7.744e-01,0.8;;;;;;;
7.752e-01,0.4;;;;;;;
7.760e-01,0.8;;;;;;;
7.768e-01,0.8;;;;;;;
7.776e-01,0.4;;;;;;;
7.784e-01,0.4;;;;;;;
7.792e-01,0.8;;;;;;;
7.800e-01,0.4;;;;;;;
7.808e-01,0;;;;;;;
7.816e-01,-0.4;;;;;;;
7.824e-01,-0.8;;;;;;;
7.832e-01,-0.8;;;;;;;
7.840e-01,-0.8;;;;;;;
7.848e-01,-0.8;;;;;;;
7.856e-01,-0.8;;;;;;;
7.864e-01,-0.8;;;;;;;
7.872e-01,-0.8;;;;;;;
7.880e-01,-0.8;;;;;;;
7.888e-01,-0.8;;;;;;;
7.896e-01,-0.4;;;;;;;
7.904e-01,-0.4;;;;;;;
7.912e-01,0;;;;;;;
7.920e-01,0.4;;;;;;;
7.928e-01,0.4;;;;;;;
7.936e-01,0.8;;;;;;;
7.944e-01,0.4;;;;;;;
7.952e-01,0.8;;;;;;;
7.960e-01,0.8;;;;;;;
7.968e-01,0.8;;;;;;;
7.976e-01,0.4;;;;;;;
7.984e-01,0.4;;;;;;;
7.992e-01,0.4;;;;;;;
